"Tanggal","Terakhir","Pembukaan","Tertinggi","Terendah","Vol.","Perubahan%"
"20/02/2022","11.332,0","11.827,0","11.830,0","11.196,0","1,30M","-4,19%"
"19/02/2022","11.827,0","11.308,0","12.258,0","11.106,0","1,19M","4,59%"
"18/02/2022","11.308,0","11.061,0","11.571,0","10.945,0","973,11K","2,23%"
"17/02/2022","11.061,0","11.930,0","12.042,0","10.900,0","1,24M","-7,32%"
"16/02/2022","11.934,0","12.168,0","12.168,0","11.614,0","817,12K","-1,88%"
"15/02/2022","12.163,0","11.516,0","12.264,0","11.453,0","889,17K","5,62%"
"14/02/2022","11.516,0","11.643,0","11.652,0","11.222,0","929,98K","-1,15%"
"13/02/2022","11.650,0","11.844,0","12.165,0","11.451,0","984,81K","-1,60%"
"12/02/2022","11.840,0","10.934,0","12.236,0","10.800,0","1,62M","8,29%"
"11/02/2022","10.934,0","11.889,0","11.943,0","10.823,0","1,31M","-8,04%"
"10/02/2022","11.890,0","12.500,0","12.830,0","11.886,0","1,87M","-4,88%"
"09/02/2022","12.500,0","12.636,0","13.125,0","12.175,0","1,91M","-1,08%"
"08/02/2022","12.636,0","11.905,0","13.140,0","11.603,0","3,51M","6,15%"
"07/02/2022","11.904,0","9.819,0","12.093,0","9.688,0","2,27M","21,23%"
"06/02/2022","9.819,0","9.562,0","9.850,0","9.469,0","794,25K","2,69%"
"05/02/2022","9.562,0","9.403,0","9.829,0","9.320,0","1,02M","1,69%"
"04/02/2022","9.403,0","8.760,0","9.415,0","8.716,0","1,01M","7,34%"
"03/02/2022","8.760,0","8.701,0","8.773,0","8.550,0","1,18M","0,68%"
"02/02/2022","8.701,0","9.000,0","9.071,0","8.600,0","828,54K","-3,32%"
"01/02/2022","9.000,0","8.892,0","9.024,0","8.807,0","610,17K","1,21%"
"31/01/2022","8.892,0","8.701,0","8.951,0","8.401,0","1,24M","2,20%"
"30/01/2022","8.701,0","8.900,0","8.978,0","8.631,0","695,52K","-2,24%"
"29/01/2022","8.900,0","8.808,0","8.986,0","8.796,0","847,70K","1,04%"
"28/01/2022","8.808,0","8.790,0","8.864,0","8.587,0","1,05M","0,20%"
"27/01/2022","8.790,0","8.934,0","8.985,0","8.558,0","948,15K","-1,60%"
"26/01/2022","8.933,0","8.899,0","9.410,0","8.745,0","1,35M","0,38%"
"25/01/2022","8.899,0","8.801,0","8.966,0","8.500,0","1,29M","1,11%"
"24/01/2022","8.801,0","9.062,0","9.088,0","8.040,0","1,82M","-2,88%"
"23/01/2022","9.062,0","8.680,0","9.150,0","8.570,0","1,36M","4,40%"
"22/01/2022","8.680,0","9.239,0","9.470,0","8.049,0","2,65M","-6,05%"
"21/01/2022","9.239,0","10.392,0","10.544,0","9.000,0","2,13M","-11,09%"
"20/01/2022","10.391,0","10.641,0","10.931,0","10.390,0","539,45K","-2,35%"
"19/01/2022","10.641,0","10.834,0","10.836,0","10.485,0","730,88K","-1,78%"
"18/01/2022","10.834,0","10.957,0","11.022,0","10.652,0","745,04K","-1,12%"
"17/01/2022","10.957,0","11.144,0","11.166,0","10.806,0","684,80K","-1,68%"
"16/01/2022","11.144,0","11.166,0","11.199,0","11.004,0","586,94K","-0,20%"
"15/01/2022","11.166,0","11.105,0","11.275,0","11.030,0","536,08K","0,55%"
"14/01/2022","11.105,0","11.000,0","11.377,0","10.844,0","894,37K","0,95%"
"13/01/2022","11.000,0","11.483,0","11.524,0","10.918,0","923,68K","-4,21%"
"12/01/2022","11.483,0","11.048,0","11.546,0","10.910,0","1,57M","3,94%"
"11/01/2022","11.048,0","10.617,0","11.103,0","10.522,0","633,81K","4,06%"
"10/01/2022","10.617,0","10.878,0","10.939,0","10.191,0","1,11M","-2,40%"
"09/01/2022","10.878,0","10.805,0","11.058,0","10.722,0","583,93K","0,68%"
"08/01/2022","10.805,0","11.012,0","11.181,0","10.501,0","963,58K","-1,88%"
"07/01/2022","11.012,0","11.309,0","11.309,0","10.620,0","1,33M","-2,70%"
"06/01/2022","11.318,0","11.290,0","11.428,0","10.719,0","1,33M","0,25%"
"05/01/2022","11.290,0","11.869,0","12.009,0","10.801,0","1,65M","-4,90%"
"04/01/2022","11.872,0","11.990,0","12.119,0","11.760,0","1,06M","-0,98%"
"03/01/2022","11.989,0","12.306,0","12.306,0","11.888,0","1,25M","-2,58%"
"02/01/2022","12.306,0","12.199,0","12.400,0","12.044,0","852,90K","0,88%"
"01/01/2022","12.199,0","12.023,0","12.261,0","11.995,0","707,69K","1,46%"
"31/12/2021","12.023,0","12.065,0","12.223,0","11.670,0","922,69K","-0,35%"
"30/12/2021","12.065,0","11.795,0","12.325,0","11.621,0","1,19M","2,29%"
"29/12/2021","11.795,0","12.288,0","12.397,0","11.742,0","1,69M","-4,01%"
"28/12/2021","12.288,0","13.194,0","13.194,0","12.220,0","1,37M","-6,87%"
"27/12/2021","13.194,0","13.062,0","13.580,0","13.000,0","1,22M","1,10%"
"26/12/2021","13.051,0","13.160,0","13.250,0","12.890,0","994,74K","-0,83%"
"25/12/2021","13.160,0","12.949,0","13.259,0","12.800,0","1,39M","1,63%"
"24/12/2021","12.949,0","14.085,0","14.137,0","12.793,0","1,96M","-8,05%"
"23/12/2021","14.083,0","13.636,0","14.395,0","13.412,0","3,49M","3,28%"
"22/12/2021","13.636,0","13.536,0","13.888,0","13.228,0","1,96M","0,74%"
"21/12/2021","13.536,0","12.722,0","13.730,0","12.337,0","2,23M","6,44%"
"20/12/2021","12.717,0","12.012,0","13.199,0","11.900,0","2,61M","5,86%"
"19/12/2021","12.013,0","11.917,0","12.200,0","11.810,0","509,66K","0,81%"
"18/12/2021","11.917,0","11.564,0","11.995,0","11.470,0","673,61K","3,05%"
"17/12/2021","11.564,0","11.592,0","11.947,0","11.287,0","1,11M","-0,24%"
"16/12/2021","11.592,0","11.882,0","12.010,0","11.592,0","1,02M","-2,44%"
"15/12/2021","11.882,0","11.701,0","12.034,0","11.252,0","1,30M","1,55%"
"14/12/2021","11.701,0","11.415,0","11.800,0","11.207,0","1,24M","2,25%"
"13/12/2021","11.444,0","12.094,0","12.142,0","11.100,0","1,33M","-5,37%"
"12/12/2021","12.094,0","12.118,0","12.330,0","11.725,0","780,22K","-0,20%"
"11/12/2021","12.118,0","11.615,0","12.180,0","11.503,0","677,89K","4,33%"
"10/12/2021","11.615,0","12.400,0","12.724,0","11.563,0","1,92M","-6,51%"
"09/12/2021","12.424,0","12.386,0","13.500,0","12.052,0","3,34M","0,31%"
"08/12/2021","12.386,0","11.765,0","12.685,0","11.609,0","2,16M","5,28%"
"07/12/2021","11.765,0","11.966,0","12.204,0","11.620,0","1,33M","-1,68%"
"06/12/2021","11.966,0","11.760,0","12.000,0","11.005,0","3,42M","1,75%"
"05/12/2021","11.760,0","12.499,0","12.685,0","11.400,0","3,45M","-5,69%"
"04/12/2021","12.469,0","13.442,0","13.498,0","11.000,0","4,84M","-7,22%"
"03/12/2021","13.440,0","14.046,0","14.175,0","13.200,0","1,87M","-4,38%"
"02/12/2021","14.055,0","14.282,0","14.282,0","13.843,0","1,02M","-1,59%"
"01/12/2021","14.282,0","14.357,0","14.600,0","14.189,0","866,00K","-0,54%"
"30/11/2021","14.359,0","14.336,0","14.736,0","14.024,0","1,17M","0,42%"
"29/11/2021","14.299,0","13.909,0","14.392,0","13.837,0","1,24M","2,80%"
"28/11/2021","13.910,0","13.706,0","13.918,0","12.900,0","1,15M","1,49%"
"27/11/2021","13.706,0","13.601,0","13.987,0","13.601,0","896,25K","0,78%"
"26/11/2021","13.600,0","14.940,0","14.970,0","13.523,0","2,17M","-8,97%"
"25/11/2021","14.940,0","14.775,0","15.190,0","14.621,0","1,10M","1,12%"
"24/11/2021","14.775,0","15.233,0","15.333,0","14.533,0","977,72K","-2,94%"
"23/11/2021","15.222,0","14.912,0","15.311,0","14.725,0","1,16M","2,08%"
"22/11/2021","14.912,0","15.150,0","15.275,0","14.806,0","794,59K","-1,57%"
"21/11/2021","15.150,0","15.676,0","15.676,0","15.141,0","530,41K","-3,36%"
"20/11/2021","15.676,0","15.630,0","15.750,0","15.220,0","889,92K","0,29%"
"19/11/2021","15.630,0","14.985,0","15.749,0","14.701,0","1,26M","4,30%"
"18/11/2021","14.985,0","15.701,0","16.550,0","14.740,0","1,93M","-4,56%"
"17/11/2021","15.701,0","15.720,0","15.959,0","15.306,0","1,56M","-0,13%"
"16/11/2021","15.722,0","16.898,0","16.898,0","15.273,0","2,46M","-6,96%"
"15/11/2021","16.898,0","16.929,0","17.350,0","16.776,0","1,11M","-0,18%"
"14/11/2021","16.929,0","16.989,0","17.085,0","16.784,0","620,30K","-0,35%"
"13/11/2021","16.988,0","17.009,0","17.150,0","16.703,0","876,26K","-0,12%"
"12/11/2021","17.009,0","17.444,0","17.662,0","16.519,0","1,76M","-2,49%"
"11/11/2021","17.444,0","17.249,0","17.969,0","17.000,0","1,98M","1,12%"
"10/11/2021","17.250,0","17.950,0","19.189,0","16.667,0","4,07M","-3,90%"
"09/11/2021","17.950,0","18.205,0","18.260,0","17.551,0","2,18M","-1,49%"
"08/11/2021","18.222,0","17.400,0","18.450,0","17.400,0","2,74M","4,82%"
"07/11/2021","17.384,0","16.500,0","17.667,0","16.458,0","1,44M","5,36%"
"06/11/2021","16.499,0","16.695,0","16.832,0","15.952,0","1,36M","-1,17%"
"05/11/2021","16.695,0","17.192,0","17.200,0","16.306,0","1,68M","-2,89%"
"04/11/2021","17.192,0","17.250,0","17.900,0","16.722,0","2,99M","-0,10%"
"03/11/2021","17.209,0","16.149,0","17.600,0","16.023,0","4,60M","6,57%"
"02/11/2021","16.148,0","15.600,0","16.294,0","15.505,0","1,56M","3,35%"
"01/11/2021","15.625,0","15.841,0","16.043,0","15.308,0","1,44M","-1,36%"
"31/10/2021","15.840,0","15.381,0","16.391,0","15.300,0","2,24M","2,98%"
"30/10/2021","15.381,0","15.295,0","15.789,0","15.154,0","1,12M","0,56%"
"29/10/2021","15.295,0","15.004,0","15.388,0","14.984,0","1,46M","1,94%"
"28/10/2021","15.004,0","14.295,0","15.494,0","14.135,0","1,90M","4,92%"
"27/10/2021","14.300,0","15.705,0","15.900,0","14.285,0","2,24M","-8,95%"
"26/10/2021","15.705,0","15.405,0","16.330,0","15.405,0","2,24M","1,95%"
"25/10/2021","15.405,0","15.251,0","15.540,0","15.223,0","981,51K","1,01%"
"24/10/2021","15.251,0","15.440,0","15.466,0","14.948,0","1,08M","-1,22%"
"23/10/2021","15.440,0","15.451,0","15.559,0","15.291,0","775,14K","-0,07%"
"22/10/2021","15.451,0","15.397,0","15.888,0","15.246,0","1,24M","0,35%"
"21/10/2021","15.397,0","15.891,0","16.227,0","15.384,0","1,75M","-3,11%"
"20/10/2021","15.891,0","15.302,0","16.014,0","15.238,0","1,43M","3,86%"
"19/10/2021","15.301,0","15.264,0","15.461,0","15.118,0","821,48K","0,24%"
"18/10/2021","15.264,0","15.408,0","15.550,0","15.066,0","970,37K","-0,93%"
"17/10/2021","15.408,0","15.967,0","16.001,0","14.746,0","986,62K","-3,40%"
"16/10/2021","15.951,0","16.041,0","16.632,0","15.906,0","1,51M","-0,55%"
"15/10/2021","16.040,0","15.928,0","16.325,0","15.500,0","1,58M","0,70%"
"14/10/2021","15.928,0","15.992,0","16.300,0","15.815,0","1,07M","-0,40%"
"13/10/2021","15.992,0","15.733,0","16.105,0","15.400,0","1,43M","1,65%"
"12/10/2021","15.733,0","16.228,0","16.254,0","15.300,0","1,82M","-3,05%"
"11/10/2021","16.228,0","16.226,0","16.801,0","15.898,0","1,41M","0,05%"
"10/10/2021","16.220,0","16.510,0","17.397,0","16.130,0","2,73M","-1,75%"
"09/10/2021","16.509,0","15.129,0","17.202,0","15.125,0","3,23M","9,12%"
"08/10/2021","15.129,0","15.186,0","15.500,0","15.081,0","1,57M","-0,47%"
"07/10/2021","15.201,0","15.382,0","15.550,0","14.900,0","1,83M","-1,18%"
"06/10/2021","15.382,0","15.443,0","15.717,0","14.545,0","2,23M","-0,40%"
"05/10/2021","15.443,0","14.786,0","15.454,0","14.786,0","1,85M","4,44%"
"04/10/2021","14.786,0","15.030,0","15.052,0","14.461,0","1,23M","-1,62%"
"03/10/2021","15.030,0","14.794,0","15.449,0","14.563,0","1,20M","1,55%"
"02/10/2021","14.800,0","14.865,0","15.227,0","14.384,0","1,30M","-0,44%"
"01/10/2021","14.865,0","13.656,0","15.150,0","13.499,0","1,92M","8,85%"
"30/09/2021","13.656,0","13.339,0","13.800,0","13.309,0","1,87M","2,38%"
"29/09/2021","13.339,0","12.866,0","14.190,0","12.803,0","1,51M","3,68%"
"28/09/2021","12.866,0","13.440,0","13.529,0","12.852,0","2,16M","-4,26%"
"27/09/2021","13.439,0","13.524,0","14.013,0","13.240,0","999,49K","-0,63%"
"26/09/2021","13.524,0","13.529,0","13.699,0","13.000,0","1,15M","-0,04%"
"25/09/2021","13.529,0","13.519,0","13.689,0","13.209,0","1,28M","0,07%"
"24/09/2021","13.519,0","14.240,0","14.256,0","12.921,0","2,86M","-4,99%"
"23/09/2021","14.229,0","14.381,0","14.544,0","13.872,0","1,80M","-1,06%"
"22/09/2021","14.381,0","12.715,0","14.401,0","12.664,0","2,21M","12,83%"
"21/09/2021","12.746,0","13.326,0","13.833,0","12.571,0","2,23M","-4,35%"
"20/09/2021","13.326,0","15.097,0","15.097,0","12.800,0","3,23M","-11,73%"
"19/09/2021","15.097,0","15.465,0","15.555,0","15.006,0","629,65K","-2,39%"
"18/09/2021","15.467,0","15.315,0","15.695,0","15.211,0","552,61K","0,99%"
"17/09/2021","15.315,0","15.631,0","15.744,0","15.108,0","945,52K","-2,02%"
"16/09/2021","15.631,0","15.987,0","16.108,0","15.362,0","1,39M","-2,23%"
"15/09/2021","15.987,0","15.647,0","16.098,0","15.500,0","1,28M","2,17%"
"14/09/2021","15.647,0","15.370,0","15.686,0","15.253,0","1,12M","1,80%"
"13/09/2021","15.370,0","16.070,0","16.158,0","14.888,0","2,17M","-4,35%"
"12/09/2021","16.069,0","15.600,0","16.153,0","15.364,0","1,72M","3,01%"
"11/09/2021","15.600,0","15.324,0","16.052,0","15.244,0","1,67M","1,80%"
"10/09/2021","15.324,0","15.671,0","17.779,0","15.060,0","4,15M","-2,53%"
"09/09/2021","15.721,0","16.192,0","16.201,0","15.637,0","3,14M","-0,80%"
"08/09/2021","15.847,0","15.847,0","15.847,0","15.847,0","-","-11,47%"
"05/09/2021","17.900,0","17.896,0","17.900,0","17.896,0","1,45M","1,29%"
"02/09/2021","17.672,0","17.611,0","17.673,0","17.611,0","2,74M","0,35%"
"01/09/2021","17.611,0","17.597,0","17.611,0","17.597,0","2,54M","6,73%"
"30/08/2021","16.501,0","16.501,0","16.501,0","16.501,0","-","3,29%"
"27/08/2021","15.975,0","16.040,0","16.040,0","15.975,0","2,27M","-4,82%"
"25/08/2021","16.784,0","16.784,0","16.784,0","16.784,0","-","-5,71%"
"23/08/2021","17.800,0","17.670,0","17.999,0","17.565,0","3,11M","0,70%"
"22/08/2021","17.676,0","17.500,0","17.950,0","17.000,0","2,30M","1,00%"
"21/08/2021","17.501,0","18.055,0","18.300,0","17.300,0","3,24M","-3,07%"
"20/08/2021","18.055,0","17.663,0","18.333,0","17.225,0","3,74M","2,22%"
"19/08/2021","17.663,0","16.673,0","17.670,0","15.836,0","3,56M","5,94%"
"18/08/2021","16.673,0","16.077,0","17.249,0","15.500,0","3,77M","3,71%"
"17/08/2021","16.077,0","17.266,0","17.725,0","16.000,0","4,38M","-6,89%"
"16/08/2021","17.266,0","18.336,0","18.885,0","16.688,0","4,90M","-5,78%"
"15/08/2021","18.326,0","18.180,0","19.202,0","17.200,0","9,67M","0,80%"
"14/08/2021","18.180,0","15.488,0","18.651,0","15.123,0","8,26M","17,38%"
"13/08/2021","15.488,0","13.950,0","15.531,0","13.759,0","4,71M","11,03%"
"12/08/2021","13.950,0","14.547,0","15.018,0","13.330,0","5,36M","-4,10%"
"11/08/2021","14.547,0","12.260,0","15.517,0","12.247,0","8,91M","18,65%"
"10/08/2021","12.260,0","11.777,0","12.413,0","11.551,0","4,30M","4,10%"
"09/08/2021","11.777,0","11.189,0","11.830,0","10.928,0","3,84M","5,26%"
"08/08/2021","11.189,0","11.639,0","11.970,0","11.120,0","1,65M","-3,87%"
"07/08/2021","11.639,0","10.670,0","11.690,0","10.643,0","1,97M","9,08%"
"06/08/2021","10.670,0","10.504,0","10.760,0","10.409,0","1,19M","1,58%"
"05/08/2021","10.504,0","10.500,0","10.600,0","10.160,0","1,05M","0,04%"
"04/08/2021","10.500,0","10.346,0","10.580,0","10.080,0","962,91K","1,49%"
"03/08/2021","10.346,0","10.711,0","10.795,0","10.166,0","892,44K","-3,41%"
"02/08/2021","10.711,0","10.570,0","11.213,0","10.450,0","880,12K","1,33%"
"01/08/2021","10.570,0","10.803,0","11.200,0","10.401,0","1,49M","-2,16%"
"31/07/2021","10.803,0","10.830,0","10.935,0","10.676,0","908,25K","-0,25%"
"30/07/2021","10.830,0","10.822,0","11.100,0","10.400,0","1,96M","0,07%"
"29/07/2021","10.822,0","10.535,0","11.080,0","10.113,0","1,50M","2,72%"
"28/07/2021","10.535,0","9.300,0","10.889,0","9.179,0","3,79M","13,28%"
"27/07/2021","9.300,0","9.078,0","9.420,0","8.914,0","1,34M","2,27%"
"26/07/2021","9.094,0","8.753,0","9.734,0","8.750,0","1,95M","3,90%"
"25/07/2021","8.753,0","8.797,0","8.797,0","8.544,0","789,12K","-0,24%"
"24/07/2021","8.774,0","8.796,0","8.891,0","8.715,0","804,08K","-0,25%"
"23/07/2021","8.796,0","8.565,0","8.800,0","8.372,0","880,28K","2,70%"
"22/07/2021","8.565,0","8.299,0","8.710,0","8.159,0","1,00M","3,21%"
"21/07/2021","8.299,0","7.755,0","8.500,0","7.662,0","961,48K","7,01%"
"20/07/2021","7.755,0","8.184,0","8.315,0","7.604,0","1,10M","-5,24%"
"19/07/2021","8.184,0","8.550,0","8.556,0","8.146,0","906,64K","-4,28%"
"18/07/2021","8.550,0","8.473,0","8.721,0","8.387,0","497,99K","0,91%"
"17/07/2021","8.473,0","8.596,0","8.690,0","8.240,0","509,55K","-1,43%"
"16/07/2021","8.596,0","8.685,0","8.970,0","8.576,0","775,89K","-1,02%"
"15/07/2021","8.685,0","8.983,0","9.097,0","8.600,0","916,50K","-3,32%"
"14/07/2021","8.983,0","9.047,0","9.066,0","8.585,0","1,07M","-0,71%"
"13/07/2021","9.047,0","9.170,0","9.319,0","8.920,0","724,90K","-1,34%"
"12/07/2021","9.170,0","9.223,0","9.500,0","9.002,0","955,15K","-0,57%"
"11/07/2021","9.223,0","9.107,0","9.347,0","8.981,0","495,00K","1,27%"
"10/07/2021","9.107,0","9.276,0","9.429,0","8.931,0","475,60K","-1,82%"
"09/07/2021","9.276,0","9.149,0","9.382,0","8.740,0","959,69K","1,39%"
"08/07/2021","9.149,0","9.491,0","9.508,0","9.001,0","942,41K","-3,60%"
"07/07/2021","9.491,0","9.664,0","9.719,0","9.487,0","768,73K","-1,54%"
"06/07/2021","9.639,0","9.700,0","9.736,0","9.618,0","1,65M","-0,63%"
"05/07/2021","9.700,0","10.039,0","10.039,0","9.700,0","1,91M","-3,38%"
"04/07/2021","10.039,0","9.999,0","10.039,0","9.996,0","1,11M","2,95%"
"03/07/2021","9.751,0","9.480,0","9.751,0","9.480,0","1,21M","2,86%"
"02/07/2021","9.480,0","9.601,0","9.601,0","9.480,0","1,29M","-1,26%"
"01/07/2021","9.601,0","10.221,0","10.221,0","9.586,0","1,43M","-6,07%"
"30/06/2021","10.221,0","10.160,0","10.221,0","10.000,0","1,40M","0,60%"
"29/06/2021","10.160,0","9.311,0","10.160,0","9.311,0","2,28M","9,12%"
"28/06/2021","9.311,0","9.361,0","9.361,0","9.075,0","1,67M","-0,53%"
"27/06/2021","9.361,0","8.958,0","9.361,0","8.863,0","1,25M","4,51%"
"26/06/2021","8.957,0","8.921,0","8.957,0","8.921,0","969,26K","0,40%"
"25/06/2021","8.921,0","9.630,0","9.630,0","8.921,0","1,61M","-7,36%"
"24/06/2021","9.630,0","9.222,0","9.630,0","9.222,0","2,34M","4,42%"
"23/06/2021","9.222,0","7.977,0","9.222,0","7.977,0","1,98M","15,61%"
"22/06/2021","7.977,0","8.979,0","8.979,0","7.977,0","3,41M","-11,16%"
"21/06/2021","8.979,0","11.320,0","11.320,0","8.979,0","2,26M","-20,68%"
"20/06/2021","11.320,0","11.119,0","11.320,0","11.119,0","1,87M","1,81%"
"19/06/2021","11.119,0","11.650,0","11.650,0","11.119,0","775,82K","-4,54%"
"18/06/2021","11.648,0","12.194,0","12.194,0","11.648,0","1,03M","-4,48%"
"17/06/2021","12.194,0","12.019,0","12.397,0","12.019,0","1,34M","1,46%"
"16/06/2021","12.019,0","12.440,0","12.440,0","12.012,0","938,08K","-3,38%"
"15/06/2021","12.440,0","12.680,0","12.680,0","12.420,0","1,43M","-1,89%"
"14/06/2021","12.680,0","12.650,0","12.680,0","12.650,0","1,56M","0,24%"
"13/06/2021","12.650,0","12.116,0","12.650,0","12.116,0","1,06M","4,41%"
"12/06/2021","12.116,0","12.229,0","12.229,0","12.116,0","1,35M","-0,92%"
"11/06/2021","12.229,0","12.477,0","12.477,0","12.229,0","1,39M","-1,99%"
"10/06/2021","12.477,0","13.269,0","13.269,0","12.477,0","1,39M","-5,90%"
"09/06/2021","13.259,0","12.780,0","13.259,0","12.780,0","2,17M","3,75%"
"08/06/2021","12.780,0","12.684,0","12.780,0","12.684,0","2,82M","0,76%"
"07/06/2021","12.684,0","13.769,0","13.769,0","12.684,0","2,33M","-7,88%"
"06/06/2021","13.769,0","13.560,0","13.769,0","13.560,0","1,08M","1,54%"
"05/06/2021","13.560,0","14.071,0","14.071,0","13.560,0","2,01M","-3,63%"
"04/06/2021","14.071,0","15.061,0","15.061,0","13.871,0","3,82M","-6,57%"
"03/06/2021","15.061,0","14.784,0","15.061,0","14.784,0","2,94M","1,87%"
"02/06/2021","14.784,0","14.686,0","14.784,0","14.686,0","3,32M","0,66%"
"01/06/2021","14.687,0","15.236,0","15.236,0","14.687,0","5,88M","-3,60%"
"31/05/2021","15.235,0","13.365,0","15.235,0","13.365,0","6,55M","13,99%"
"30/05/2021","13.365,0","12.316,0","13.365,0","12.316,0","2,44M","8,52%"
"29/05/2021","12.316,0","13.257,0","13.257,0","12.316,0","2,35M","-7,10%"
"28/05/2021","13.257,0","14.255,0","14.255,0","13.257,0","3,87M","-7,00%"
"27/05/2021","14.255,0","15.190,0","15.190,0","14.255,0","4,05M","-6,16%"
"26/05/2021","15.190,0","14.286,0","15.190,0","14.286,0","4,59M","6,33%"
"25/05/2021","14.286,0","14.626,0","14.626,0","13.759,0","5,15M","-2,26%"
"24/05/2021","14.617,0","12.000,0","14.617,0","12.000,0","5,64M","21,81%"
"23/05/2021","12.000,0","13.610,0","13.610,0","11.763,0","7,30M","-11,83%"
"22/05/2021","13.610,0","15.281,0","15.281,0","13.610,0","5,59M","-10,94%"
"21/05/2021","15.281,0","17.898,0","17.898,0","15.281,0","7,10M","-14,62%"
"20/05/2021","17.898,0","17.000,0","17.898,0","17.000,0","8,40M","5,28%"
"19/05/2021","17.000,0","23.825,0","23.825,0","17.000,0","12,54M","-28,65%"
"18/05/2021","23.825,0","22.369,0","23.825,0","22.369,0","8,71M","6,51%"
"17/05/2021","22.369,0","22.044,0","22.369,0","22.044,0","7,34M","1,47%"
"16/05/2021","22.044,0","22.400,0","23.215,0","22.044,0","7,79M","-1,59%"
"15/05/2021","22.401,0","20.840,0","22.401,0","20.840,0","7,52M","7,49%"
"14/05/2021","20.840,0","20.630,0","20.840,0","20.630,0","3,33M","1,14%"
"13/05/2021","20.606,0","19.700,0","20.740,0","19.700,0","6,88M","4,60%"
"12/05/2021","19.700,0","21.900,0","22.085,0","19.700,0","4,09M","-10,05%"
"11/05/2021","21.900,0","21.197,0","21.900,0","20.907,0","4,26M","3,32%"
"10/05/2021","21.197,0","22.720,0","22.793,0","21.197,0","6,14M","-6,70%"
"09/05/2021","22.720,0","23.066,0","23.066,0","22.455,0","4,77M","-1,50%"
"08/05/2021","23.066,0","23.188,0","23.188,0","23.066,0","3,20M","-0,53%"
"07/05/2021","23.190,0","23.654,0","23.654,0","22.940,0","5,33M","-1,96%"
"06/05/2021","23.654,0","23.666,0","25.800,0","23.654,0","9,24M","-0,05%"
"05/05/2021","23.666,0","20.829,0","23.710,0","20.829,0","6,98M","13,69%"
"04/05/2021","20.816,0","22.883,0","22.883,0","20.300,0","7,21M","-9,04%"
"03/05/2021","22.884,0","23.030,0","23.231,0","22.884,0","4,56M","-0,63%"
"02/05/2021","23.030,0","23.920,0","23.920,0","23.030,0","3,08M","-3,70%"
"01/05/2021","23.916,0","23.199,0","23.916,0","23.199,0","4,03M","3,09%"
"30/04/2021","23.199,0","20.592,0","23.199,0","20.592,0","9,68M","12,66%"
"29/04/2021","20.592,0","20.154,0","20.661,0","20.154,0","3,94M","2,17%"
"28/04/2021","20.154,0","20.811,0","20.811,0","19.860,0","5,85M","-3,16%"
"27/04/2021","20.811,0","20.450,0","20.811,0","20.400,0","10,90M","1,96%"
"26/04/2021","20.410,0","15.953,0","20.410,0","15.953,0","11,38M","27,94%"
"25/04/2021","15.953,0","16.112,0","16.510,0","15.953,0","4,90M","-0,99%"
"24/04/2021","16.112,0","17.850,0","17.850,0","16.112,0","4,55M","-9,74%"
"23/04/2021","17.850,0","18.225,0","18.225,0","17.850,0","11,21M","-2,06%"
"22/04/2021","18.225,0","19.800,0","20.399,0","18.225,0","5,83M","-7,95%"
"21/04/2021","19.800,0","21.250,0","21.250,0","19.800,0","5,74M","-6,82%"
"20/04/2021","21.250,0","20.573,0","21.250,0","20.513,0","6,90M","3,29%"
"19/04/2021","20.573,0","22.302,0","22.302,0","20.573,0","7,64M","-7,75%"
"18/04/2021","22.302,0","23.500,0","23.500,0","22.302,0","8,44M","-5,10%"
"17/04/2021","23.500,0","23.450,0","24.120,0","23.450,0","4,27M","0,21%"
"16/04/2021","23.450,0","26.164,0","26.700,0","23.450,0","7,54M","-10,38%"
"15/04/2021","26.165,0","27.343,0","27.343,0","26.165,0","6,12M","-4,47%"
"14/04/2021","27.388,0","26.559,0","27.388,0","25.901,0","13,49M","3,12%"
"13/04/2021","26.560,0","21.998,0","26.560,0","21.998,0","23,28M","20,74%"
"12/04/2021","21.998,0","20.096,0","21.998,0","20.074,0","6,47M","9,46%"
"11/04/2021","20.096,0","20.489,0","20.489,0","20.096,0","12,35M","-1,92%"
"10/04/2021","20.489,0","15.200,0","20.489,0","15.200,0","15,69M","34,80%"
"09/04/2021","15.200,0","15.538,0","15.538,0","15.200,0","3,49M","-2,18%"
"08/04/2021","15.538,0","13.750,0","15.538,0","13.750,0","4,94M","13,00%"
"07/04/2021","13.750,0","16.097,0","16.097,0","13.750,0","9,56M","-14,58%"
"06/04/2021","16.097,0","13.563,0","16.097,0","13.563,0","16,36M","18,68%"
"05/04/2021","13.563,0","9.217,0","13.563,0","9.217,0","12,77M","47,15%"
"04/04/2021","9.217,0","8.486,0","9.217,0","8.486,0","3,16M","8,45%"
"03/04/2021","8.499,0","8.741,0","8.741,0","8.470,0","5,37M","-2,77%"
"02/04/2021","8.741,0","8.261,0","8.741,0","8.261,0","3,80M","5,81%"
"01/04/2021","8.261,0","8.249,0","8.261,0","8.198,0","3,92M","0,15%"
"31/03/2021","8.249,0","8.106,0","8.249,0","8.106,0","3,31M","1,76%"
"30/03/2021","8.106,0","8.182,0","8.182,0","8.106,0","3,47M","-0,93%"
"29/03/2021","8.182,0","7.964,0","8.182,0","7.964,0","1,12M","2,74%"
"28/03/2021","7.964,0","7.980,0","7.980,0","7.964,0","867,29K","-0,20%"
"27/03/2021","7.980,0","8.213,0","8.213,0","7.980,0","1,26M","-2,83%"
"26/03/2021","8.212,0","7.591,0","8.212,0","7.591,0","2,45M","8,18%"
"25/03/2021","7.591,0","7.215,0","7.591,0","7.215,0","2,09M","5,21%"
"24/03/2021","7.215,0","8.164,0","8.164,0","7.215,0","2,73M","-11,62%"
"23/03/2021","8.164,0","8.143,0","8.164,0","8.143,0","4,57M","0,26%"
"22/03/2021","8.143,0","7.581,0","8.715,0","7.581,0","5,72M","7,41%"
"21/03/2021","7.581,0","7.650,0","7.650,0","7.581,0","2,79M","-0,90%"
"20/03/2021","7.650,0","6.810,0","7.650,0","6.810,0","4,83M","12,33%"
"19/03/2021","6.810,0","6.841,0","6.841,0","6.810,0","1,59M","-0,45%"
"18/03/2021","6.841,0","6.821,0","6.841,0","6.821,0","2,29M","0,29%"
"17/03/2021","6.821,0","6.710,0","6.831,0","6.710,0","2,35M","1,65%"
"16/03/2021","6.710,0","6.383,0","6.912,0","6.383,0","5,85M","5,12%"
"15/03/2021","6.383,0","6.420,0","6.420,0","6.330,0","2,03M","-0,58%"
"14/03/2021","6.420,0","6.615,0","6.615,0","6.420,0","2,67M","-2,95%"
"13/03/2021","6.615,0","6.418,0","6.615,0","6.418,0","2,08M","3,07%"
"12/03/2021","6.418,0","6.519,0","6.519,0","6.418,0","4,21M","-1,55%"
"11/03/2021","6.519,0","6.705,0","6.705,0","6.519,0","4,62M","-2,77%"
"10/03/2021","6.705,0","6.950,0","6.950,0","6.705,0","7,37M","-3,53%"
"09/03/2021","6.950,0","6.790,0","6.950,0","6.790,0","2,30M","2,36%"
"08/03/2021","6.790,0","6.685,0","6.790,0","6.685,0","2,33M","1,57%"
"07/03/2021","6.685,0","6.717,0","6.717,0","6.680,0","1,46M","-0,48%"
"06/03/2021","6.717,0","6.663,0","6.717,0","6.663,0","1,52M","0,81%"
"05/03/2021","6.663,0","7.067,0","7.067,0","6.663,0","2,95M","-5,72%"
"04/03/2021","7.067,0","6.510,0","7.067,0","6.510,0","3,96M","8,56%"
"03/03/2021","6.510,0","6.345,0","6.510,0","6.345,0","2,45M","2,60%"
"02/03/2021","6.345,0","6.405,0","6.405,0","6.345,0","3,00M","-0,94%"
"01/03/2021","6.405,0","6.116,0","6.405,0","6.116,0","3,52M","4,73%"
"28/02/2021","6.116,0","6.472,0","6.472,0","6.116,0","5,55M","-5,50%"
"27/02/2021","6.472,0","6.331,0","6.472,0","6.331,0","3,20M","2,23%"
"26/02/2021","6.331,0","6.343,0","6.343,0","6.331,0","4,58M","-0,19%"
"25/02/2021","6.343,0","6.959,0","6.959,0","6.343,0","3,41M","-8,85%"
"24/02/2021","6.959,0","7.085,0","7.387,0","6.959,0","4,90M","-1,78%"
"23/02/2021","7.085,0","8.500,0","8.500,0","7.016,0","16,42M","-16,65%"
"22/02/2021","8.500,0","8.038,0","8.650,0","8.038,0","17,21M","5,75%"
"21/02/2021","8.038,0","7.650,0","8.038,0","7.650,0","3,20M","5,46%"
"20/02/2021","7.622,0","8.210,0","8.210,0","7.622,0","4,66M","-7,16%"
"19/02/2021","8.210,0","7.591,0","8.210,0","7.591,0","4,33M","8,15%"
"18/02/2021","7.591,0","7.564,0","7.746,0","7.564,0","3,40M","0,36%"
"17/02/2021","7.564,0","7.468,0","7.684,0","7.468,0","5,63M","1,29%"
"16/02/2021","7.468,0","7.958,0","7.988,0","7.468,0","6,46M","-6,16%"
"15/02/2021","7.958,0","8.653,0","8.653,0","7.958,0","5,43M","-8,03%"
"14/02/2021","8.653,0","9.138,0","9.138,0","8.653,0","5,74M","-5,31%"
"13/02/2021","9.138,0","8.700,0","9.138,0","8.700,0","8,22M","5,03%"
"12/02/2021","8.700,0","7.473,0","8.700,0","7.473,0","7,39M","16,42%"
"11/02/2021","7.473,0","7.208,0","7.473,0","7.208,0","3,86M","3,68%"
"10/02/2021","7.208,0","6.703,0","7.208,0","6.703,0","11,07M","7,53%"
"09/02/2021","6.703,0","6.221,0","6.703,0","6.221,0","10,10M","7,75%"
"08/02/2021","6.221,0","5.901,0","6.315,0","5.901,0","7,20M","5,42%"
"07/02/2021","5.901,0","6.225,0","6.231,0","5.901,0","6,96M","-5,19%"
"06/02/2021","6.224,0","6.304,0","6.304,0","6.224,0","6,60M","-1,32%"
"05/02/2021","6.307,0","6.200,0","6.307,0","6.191,0","9,16M","1,42%"
"04/02/2021","6.219,0","5.480,0","6.219,0","5.480,0","13,58M","13,49%"
"03/02/2021","5.480,0","5.181,0","5.480,0","5.181,0","8,59M","5,77%"
"02/02/2021","5.181,0","5.235,0","5.375,0","5.181,0","16,04M","-1,03%"
"01/02/2021","5.235,0","6.884,0","6.884,0","5.235,0","58,03M","-23,95%"
"31/01/2021","6.884,0","6.160,0","6.884,0","6.160,0","29,11M","11,48%"
"30/01/2021","6.175,0","3.920,0","6.175,0","3.920,0","30,82M","57,53%"
"29/01/2021","3.920,0","3.677,0","3.923,0","3.677,0","8,14M","6,61%"
"28/01/2021","3.677,0","3.581,0","3.677,0","3.581,0","1,85M","2,71%"
"27/01/2021","3.580,0","3.800,0","3.800,0","3.580,0","2,40M","-5,79%"
"26/01/2021","3.800,0","3.787,0","3.800,0","3.787,0","1,46M","0,34%"
"25/01/2021","3.787,0","3.833,0","3.862,0","3.787,0","2,51M","-1,20%"
"24/01/2021","3.833,0","3.807,0","3.840,0","3.807,0","1,23M","0,68%"
"23/01/2021","3.807,0","3.872,0","3.872,0","3.807,0","1,93M","-1,68%"
"22/01/2021","3.872,0","3.892,0","3.892,0","3.616,0","4,01M","-0,51%"
"21/01/2021","3.892,0","4.198,0","4.198,0","3.892,0","3,57M","-7,29%"
"20/01/2021","4.198,0","4.159,0","4.198,0","4.159,0","2,90M","0,94%"
"19/01/2021","4.159,0","4.016,0","4.346,0","4.016,0","6,75M","3,56%"
"18/01/2021","4.016,0","3.913,0","4.016,0","3.913,0","3,36M","2,66%"
"17/01/2021","3.912,0","3.966,0","3.966,0","3.912,0","2,79M","-1,36%"
"16/01/2021","3.966,0","3.992,0","3.992,0","3.966,0","2,43M","-0,65%"
"15/01/2021","3.992,0","4.151,0","4.151,0","3.986,0","5,21M","-3,83%"
"14/01/2021","4.151,0","4.335,0","4.335,0","4.151,0","4,93M","-4,24%"
"13/01/2021","4.335,0","4.172,0","4.335,0","4.142,0","2,49M","3,91%"
"12/01/2021","4.172,0","4.156,0","4.172,0","4.156,0","4,27M","0,38%"
"11/01/2021","4.156,0","4.514,0","4.514,0","4.156,0","7,92M","-8,01%"
"10/01/2021","4.518,0","4.582,0","5.027,0","4.518,0","7,27M","-1,40%"
"09/01/2021","4.582,0","4.573,0","4.582,0","4.573,0","4,07M","0,20%"
"08/01/2021","4.573,0","4.550,0","4.573,0","4.299,0","9,60M","0,51%"
"07/01/2021","4.550,0","3.473,0","4.801,0","3.473,0","23,77M","31,01%"
"06/01/2021","3.473,0","3.171,0","3.473,0","3.171,0","11,38M","9,52%"
"05/01/2021","3.171,0","3.334,0","3.334,0","3.171,0","3,59M","-4,89%"
"04/01/2021","3.334,0","3.150,0","3.334,0","3.150,0","4,94M","5,84%"
"03/01/2021","3.150,0","3.080,0","3.150,0","3.080,0","3,92M","2,27%"
"02/01/2021","3.080,0","3.340,0","3.340,0","3.068,0","3,75M","-7,78%"
"01/01/2021","3.340,0","3.048,0","3.340,0","3.048,0","5,79M","9,58%"
"31/12/2020","3.048,0","2.967,0","3.048,0","2.967,0","4,03M","2,73%"
"30/12/2020","2.967,0","3.145,0","3.145,0","2.967,0","9,76M","-5,66%"
"29/12/2020","3.145,0","3.738,0","3.738,0","3.145,0","16,50M","-15,86%"
"28/12/2020","3.738,0","4.030,0","4.181,0","3.738,0","5,51M","-7,25%"
"27/12/2020","4.030,0","4.208,0","4.208,0","4.030,0","5,69M","-4,23%"
"26/12/2020","4.208,0","4.538,0","4.538,0","4.208,0","5,72M","-7,27%"
"25/12/2020","4.538,0","4.881,0","4.881,0","4.538,0","13,05M","-7,03%"
"24/12/2020","4.881,0","3.775,0","4.881,0","3.741,0","9,38M","29,30%"
"23/12/2020","3.775,0","6.433,0","6.433,0","3.775,0","20,60M","-41,32%"
"22/12/2020","6.433,0","7.400,0","7.400,0","6.433,0","5,52M","-13,07%"
"21/12/2020","7.400,0","7.817,0","7.899,0","7.400,0","3,12M","-5,33%"
"20/12/2020","7.817,0","8.079,0","8.079,0","7.817,0","1,40M","-3,24%"
"19/12/2020","8.079,0","8.130,0","8.130,0","8.079,0","2,38M","-0,63%"
"18/12/2020","8.130,0","7.976,0","8.130,0","7.976,0","2,69M","1,93%"
"17/12/2020","7.976,0","7.878,0","7.982,0","7.878,0","5,87M","1,24%"
"16/12/2020","7.878,0","6.591,0","7.878,0","6.370,0","4,72M","19,53%"
"15/12/2020","6.591,0","7.000,0","7.000,0","6.591,0","2,09M","-5,84%"
"14/12/2020","7.000,0","7.180,0","7.180,0","7.000,0","1,46M","-2,51%"
"13/12/2020","7.180,0","7.200,0","7.200,0","7.180,0","2,43M","-0,28%"
"12/12/2020","7.200,0","7.999,0","7.999,0","7.200,0","4,14M","-10,89%"
"11/12/2020","8.080,0","8.221,0","8.221,0","8.080,0","3,09M","-1,72%"
"10/12/2020","8.221,0","8.330,0","8.330,0","8.221,0","1,72M","-1,31%"
"09/12/2020","8.330,0","7.959,0","8.330,0","7.959,0","2,64M","4,66%"
"08/12/2020","7.959,0","8.597,0","8.597,0","7.959,0","1,45M","-7,42%"
"07/12/2020","8.597,0","8.730,0","8.730,0","8.597,0","960,83K","-1,52%"
"06/12/2020","8.730,0","8.244,0","8.730,0","8.244,0","1,42M","5,90%"
"05/12/2020","8.244,0","7.885,0","8.244,0","7.885,0","1,31M","4,55%"
"04/12/2020","7.885,0","8.834,0","8.834,0","7.885,0","2,50M","-10,74%"
"03/12/2020","8.834,0","8.878,0","8.878,0","8.786,0","1,20M","-0,50%"
"02/12/2020","8.878,0","8.651,0","8.878,0","8.651,0","1,94M","2,62%"
"01/12/2020","8.651,0","9.301,0","9.321,0","8.651,0","2,75M","-6,99%"
"30/11/2020","9.301,0","8.583,0","9.301,0","8.583,0","3,21M","8,37%"
"29/11/2020","8.583,0","8.877,0","8.877,0","8.583,0","3,23M","-3,31%"
"28/11/2020","8.877,0","7.900,0","8.877,0","7.900,0","3,49M","12,37%"
"27/11/2020","7.900,0","7.555,0","7.900,0","7.555,0","3,22M","4,58%"
"26/11/2020","7.554,0","9.010,0","9.010,0","7.554,0","8,45M","-16,16%"
"25/11/2020","9.010,0","9.701,0","9.701,0","9.010,0","4,59M","-7,12%"
"24/11/2020","9.701,0","8.707,0","9.803,0","8.663,0","9,55M","11,42%"
"23/11/2020","8.707,0","6.293,0","8.707,0","6.293,0","5,86M","38,36%"
"22/11/2020","6.293,0","6.584,0","6.584,0","6.110,0","5,05M","-3,67%"
"21/11/2020","6.533,0","4.639,0","6.533,0","4.639,0","5,06M","40,83%"
"20/11/2020","4.639,0","4.304,0","4.639,0","4.304,0","929,26K","7,78%"
"19/11/2020","4.304,0","4.144,0","4.304,0","4.080,0","700,35K","3,86%"
"18/11/2020","4.144,0","4.234,0","4.234,0","4.144,0","914,26K","-2,13%"
"17/11/2020","4.234,0","4.066,0","4.234,0","4.066,0","1,14M","4,13%"
"16/11/2020","4.066,0","3.855,0","4.066,0","3.855,0","1,03M","5,47%"
"15/11/2020","3.855,0","3.830,0","3.921,0","3.830,0","789,38K","0,65%"
"14/11/2020","3.830,0","3.767,0","3.830,0","3.767,0","858,20K","1,67%"
"13/11/2020","3.767,0","3.604,0","3.767,0","3.604,0","552,15K","4,52%"
"12/11/2020","3.604,0","3.599,0","3.604,0","3.599,0","257,11K","0,14%"
"11/11/2020","3.599,0","3.586,0","3.639,0","3.586,0","448,14K","0,36%"
"10/11/2020","3.586,0","3.549,0","3.720,0","3.549,0","340,15K","1,04%"
"09/11/2020","3.549,0","3.640,0","3.640,0","3.537,0","395,86K","-2,50%"
"08/11/2020","3.640,0","3.560,0","3.640,0","3.560,0","245,18K","2,25%"
"07/11/2020","3.560,0","3.700,0","3.700,0","3.560,0","649,78K","-3,78%"
"06/11/2020","3.700,0","3.534,0","3.700,0","3.534,0","659,20K","4,70%"
"05/11/2020","3.534,0","3.459,0","3.550,0","3.434,0","589,26K","2,17%"
"04/11/2020","3.459,0","3.483,0","3.483,0","3.454,0","447,90K","-0,69%"
"03/11/2020","3.483,0","3.442,0","3.483,0","3.442,0","668,82K","1,19%"
"02/11/2020","3.442,0","3.498,0","3.498,0","3.442,0","387,73K","-1,60%"
"01/11/2020","3.498,0","3.506,0","3.508,0","3.498,0","304,57K","-0,23%"
"31/10/2020","3.506,0","3.497,0","3.506,0","3.497,0","312,28K","0,26%"
"30/10/2020","3.497,0","3.561,0","3.561,0","3.497,0","432,83K","-1,80%"
"29/10/2020","3.561,0","3.605,0","3.605,0","3.561,0","259,32K","-1,22%"
"28/10/2020","3.605,0","3.695,0","3.695,0","3.605,0","678,70K","-2,44%"
"27/10/2020","3.695,0","3.627,0","3.695,0","3.627,0","535,00K","1,87%"
"26/10/2020","3.627,0","3.681,0","3.687,0","3.627,0","558,07K","-1,47%"
"25/10/2020","3.681,0","3.721,0","3.721,0","3.681,0","590,48K","-1,07%"
"24/10/2020","3.721,0","3.717,0","3.721,0","3.717,0","479,75K","0,11%"
"23/10/2020","3.717,0","3.743,0","3.743,0","3.717,0","549,49K","-0,69%"
"22/10/2020","3.743,0","3.655,0","3.743,0","3.655,0","756,96K","2,41%"
"21/10/2020","3.655,0","3.552,0","3.655,0","3.552,0","896,17K","2,90%"
"20/10/2020","3.552,0","3.587,0","3.615,0","3.552,0","497,19K","-0,98%"
"19/10/2020","3.587,0","3.555,0","3.618,0","3.541,0","390,78K","0,90%"
"18/10/2020","3.555,0","3.540,0","3.555,0","3.540,0","121,26K","0,42%"
"17/10/2020","3.540,0","3.549,0","3.549,0","3.540,0","207,04K","-0,25%"
"16/10/2020","3.549,0","3.613,0","3.613,0","3.549,0","515,02K","-1,77%"
"15/10/2020","3.613,0","3.658,0","3.658,0","3.613,0","426,28K","-1,23%"
"14/10/2020","3.658,0","3.728,0","3.728,0","3.640,0","372,17K","-1,88%"
"13/10/2020","3.728,0","3.709,0","3.728,0","3.709,0","314,81K","0,51%"
"12/10/2020","3.709,0","3.714,0","3.714,0","3.709,0","470,44K","-0,13%"
"11/10/2020","3.714,0","3.704,0","3.714,0","3.704,0","328,92K","0,27%"
"10/10/2020","3.704,0","3.715,0","3.715,0","3.704,0","450,56K","-0,30%"
"09/10/2020","3.715,0","3.694,0","3.715,0","3.668,0","274,41K","0,57%"
"08/10/2020","3.694,0","3.676,0","3.694,0","3.676,0","386,88K","0,49%"
"07/10/2020","3.676,0","3.641,0","3.676,0","3.641,0","477,27K","0,96%"
"06/10/2020","3.641,0","3.708,0","3.708,0","3.641,0","818,67K","-1,81%"
"05/10/2020","3.708,0","3.684,0","3.708,0","3.674,0","706,17K","0,65%"
"04/10/2020","3.684,0","3.485,0","3.684,0","3.485,0","475,24K","5,71%"
"03/10/2020","3.485,0","3.483,0","3.485,0","3.483,0","179,52K","0,06%"
"02/10/2020","3.483,0","3.544,0","3.544,0","3.483,0","232,11K","-1,72%"
"01/10/2020","3.544,0","3.593,0","3.611,0","3.544,0","317,10K","-1,36%"
"30/09/2020","3.593,0","3.630,0","3.630,0","3.593,0","399,12K","-1,02%"
"29/09/2020","3.630,0","3.617,0","3.647,0","3.617,0","270,16K","0,36%"
"28/09/2020","3.617,0","3.610,0","3.617,0","3.610,0","346,33K","0,19%"
"27/09/2020","3.610,0","3.609,0","3.610,0","3.609,0","285,65K","0,03%"
"26/09/2020","3.609,0","3.624,0","3.624,0","3.609,0","345,05K","-0,41%"
"25/09/2020","3.624,0","3.480,0","3.624,0","3.480,0","526,20K","4,14%"
"24/09/2020","3.480,0","3.325,0","3.480,0","3.325,0","323,93K","4,66%"
"23/09/2020","3.325,0","3.466,0","3.466,0","3.325,0","374,96K","-4,07%"
"22/09/2020","3.466,0","3.438,0","3.466,0","3.438,0","281,69K","0,81%"
"21/09/2020","3.438,0","3.636,0","3.636,0","3.438,0","795,74K","-5,45%"
"20/09/2020","3.636,0","3.733,0","3.733,0","3.636,0","242,24K","-2,60%"
"19/09/2020","3.733,0","3.711,0","3.733,0","3.711,0","315,17K","0,59%"
"18/09/2020","3.711,0","3.753,0","3.753,0","3.711,0","633,79K","-1,12%"
"17/09/2020","3.753,0","3.716,0","3.753,0","3.716,0","955,94K","1,00%"
"16/09/2020","3.716,0","3.651,0","3.716,0","3.639,0","927,96K","1,78%"
"15/09/2020","3.651,0","3.669,0","3.709,0","3.651,0","890,89K","-0,49%"
"14/09/2020","3.669,0","3.625,0","3.669,0","3.625,0","523,00K","1,21%"
"13/09/2020","3.625,0","3.700,0","3.761,0","3.625,0","760,71K","-2,03%"
"12/09/2020","3.700,0","3.646,0","3.700,0","3.646,0","792,53K","1,48%"
"11/09/2020","3.646,0","3.630,0","3.646,0","3.630,0","490,38K","0,44%"
"10/09/2020","3.630,0","3.556,0","3.630,0","3.556,0","1,19M","2,08%"
"09/09/2020","3.556,0","3.513,0","3.556,0","3.513,0","516,82K","1,22%"
"08/09/2020","3.513,0","3.600,0","3.600,0","3.513,0","666,03K","-2,42%"
"07/09/2020","3.600,0","3.597,0","3.600,0","3.510,0","570,06K","0,08%"
"06/09/2020","3.597,0","3.546,0","3.620,0","3.485,0","763,63K","1,44%"
"05/09/2020","3.546,0","3.834,0","3.834,0","3.546,0","894,14K","-7,51%"
"04/09/2020","3.834,0","3.735,0","3.834,0","3.735,0","1,66M","2,65%"
"03/09/2020","3.735,0","4.101,0","4.101,0","3.735,0","1,35M","-8,92%"
"02/09/2020","4.101,0","4.322,0","4.322,0","4.062,0","1,36M","-5,11%"
"01/09/2020","4.322,0","4.126,0","4.322,0","4.126,0","1,13M","4,75%"
"31/08/2020","4.126,0","4.148,0","4.148,0","4.126,0","537,50K","-0,53%"
"30/08/2020","4.148,0","4.026,0","4.148,0","4.026,0","1,07M","3,03%"
"29/08/2020","4.026,0","4.013,0","4.026,0","4.013,0","390,92K","0,32%"
"28/08/2020","4.013,0","3.931,0","4.013,0","3.931,0","588,65K","2,09%"
"27/08/2020","3.931,0","4.112,0","4.112,0","3.931,0","810,42K","-4,40%"
"26/08/2020","4.112,0","4.150,0","4.150,0","4.112,0","407,11K","-0,92%"
"25/08/2020","4.150,0","4.301,0","4.301,0","4.150,0","722,59K","-3,51%"
"24/08/2020","4.301,0","4.278,0","4.301,0","4.278,0","482,39K","0,54%"
"23/08/2020","4.278,0","4.287,0","4.287,0","4.278,0","474,50K","-0,21%"
"22/08/2020","4.287,0","4.233,0","4.287,0","4.233,0","1,30M","1,28%"
"21/08/2020","4.233,0","4.399,0","4.399,0","4.233,0","786,42K","-3,77%"
"20/08/2020","4.399,0","4.396,0","4.412,0","4.396,0","638,26K","0,07%"
"19/08/2020","4.396,0","4.576,0","4.576,0","4.396,0","927,99K","-3,93%"
"18/08/2020","4.576,0","4.711,0","4.711,0","4.576,0","1,28M","-2,87%"
"17/08/2020","4.711,0","4.522,0","4.711,0","4.520,0","1,72M","4,23%"
"16/08/2020","4.520,0","4.470,0","4.520,0","4.450,0","667,41K","1,12%"
"15/08/2020","4.470,0","4.462,0","4.470,0","4.462,0","859,23K","0,18%"
"14/08/2020","4.462,0","4.368,0","4.462,0","4.368,0","1,44M","2,15%"
"13/08/2020","4.368,0","4.215,0","4.368,0","4.157,0","2,25M","3,63%"
"12/08/2020","4.215,0","4.245,0","4.245,0","4.201,0","702,03K","-0,71%"
"11/08/2020","4.245,0","4.310,0","4.380,0","4.245,0","1,21M","-1,51%"
"10/08/2020","4.310,0","4.231,0","4.310,0","4.231,0","1,01M","1,87%"
"09/08/2020","4.231,0","4.319,0","4.319,0","4.231,0","865,20K","-1,99%"
"08/08/2020","4.317,0","4.344,0","4.344,0","4.317,0","1,10M","-0,62%"
"07/08/2020","4.344,0","4.416,0","4.416,0","4.344,0","1,13M","-1,63%"
"06/08/2020","4.416,0","4.389,0","4.416,0","4.389,0","815,98K","0,62%"
"05/08/2020","4.389,0","4.421,0","4.465,0","4.389,0","1,02M","-0,72%"
"04/08/2020","4.421,0","4.565,0","4.569,0","4.421,0","1,34M","-3,15%"
"03/08/2020","4.565,0","4.189,0","4.565,0","4.189,0","1,59M","8,98%"
"02/08/2020","4.189,0","4.220,0","4.220,0","4.189,0","3,09M","-0,73%"
"01/08/2020","4.220,0","3.770,0","4.220,0","3.770,0","1,68M","11,94%"
"31/07/2020","3.770,0","3.564,0","3.770,0","3.564,0","841,11K","5,78%"
"30/07/2020","3.564,0","3.536,0","3.620,0","3.522,0","1,43M","0,79%"
"29/07/2020","3.536,0","3.357,0","3.536,0","3.357,0","1,63M","5,33%"
"28/07/2020","3.357,0","3.272,0","3.357,0","3.219,0","1,28M","6,54%"
"27/07/2020","3.151,0","3.122,0","3.151,0","3.122,0","892,11K","0,93%"
"26/07/2020","3.122,0","3.103,0","3.262,0","3.103,0","1,78M","0,61%"
"25/07/2020","3.103,0","2.965,0","3.103,0","2.965,0","917,89K","4,65%"
"24/07/2020","2.965,0","3.022,0","3.022,0","2.965,0","729,07K","-1,89%"
"23/07/2020","3.022,0","2.950,0","3.022,0","2.950,0","1,24M","2,44%"
"22/07/2020","2.950,0","2.903,0","2.950,0","2.885,0","522,17K","1,62%"
"21/07/2020","2.903,0","2.863,0","2.903,0","2.863,0","609,27K","1,40%"
"20/07/2020","2.863,0","2.900,0","2.900,0","2.863,0","683,86K","-1,28%"
"19/07/2020","2.900,0","2.913,0","2.913,0","2.900,0","485,33K","-0,45%"
"18/07/2020","2.913,0","2.861,0","2.913,0","2.861,0","702,45K","1,82%"
"17/07/2020","2.861,0","2.832,0","2.861,0","2.832,0","819,49K","1,02%"
"16/07/2020","2.832,0","2.863,0","2.863,0","2.832,0","582,11K","-1,08%"
"15/07/2020","2.863,0","2.867,0","2.871,0","2.863,0","552,85K","-0,14%"
"14/07/2020","2.867,0","2.852,0","2.867,0","2.852,0","540,01K","0,53%"
"13/07/2020","2.852,0","2.874,0","2.894,0","2.852,0","1,22M","-0,77%"
"12/07/2020","2.874,0","2.880,0","2.880,0","2.874,0","548,77K","-0,21%"
"11/07/2020","2.880,0","2.859,0","2.880,0","2.859,0","472,82K","0,73%"
"10/07/2020","2.859,0","2.900,0","2.900,0","2.859,0","720,15K","-1,41%"
"09/07/2020","2.900,0","2.901,0","2.940,0","2.900,0","1,90M","-0,03%"
"08/07/2020","2.901,0","2.665,0","2.901,0","2.665,0","1,89M","8,86%"
"07/07/2020","2.665,0","2.705,0","2.705,0","2.662,0","673,07K","-1,48%"
"06/07/2020","2.705,0","2.588,0","2.705,0","2.588,0","886,70K","4,52%"
"05/07/2020","2.588,0","2.602,0","2.610,0","2.576,0","478,69K","-0,54%"
"04/07/2020","2.602,0","2.583,0","2.614,0","2.581,0","618,35K","0,74%"
"03/07/2020","2.583,0","2.553,0","2.606,0","2.546,0","851,31K","1,18%"
"02/07/2020","2.553,0","2.555,0","2.585,0","2.536,0","817,95K","-0,08%"
"01/07/2020","2.555,0","2.540,0","2.577,0","2.526,0","595,94K","0,59%"
"30/06/2020","2.540,0","2.571,0","2.574,0","2.536,0","421,75K","-1,21%"
"29/06/2020","2.571,0","2.584,0","2.587,0","2.563,0","409,37K","-0,50%"
"28/06/2020","2.584,0","2.565,0","2.615,0","2.545,0","576,82K","0,74%"
"27/06/2020","2.565,0","2.663,0","2.669,0","2.540,0","542,25K","-3,68%"
"26/06/2020","2.663,0","2.626,0","2.701,0","2.613,0","601,70K","1,41%"
"25/06/2020","2.626,0","2.645,0","2.665,0","2.607,0","633,84K","-0,72%"
"24/06/2020","2.645,0","2.690,0","2.696,0","2.613,0","646,21K","-1,67%"
"23/06/2020","2.690,0","2.698,0","2.703,0","2.688,0","540,38K","-0,30%"
"22/06/2020","2.698,0","2.680,0","2.708,0","2.672,0","440,74K","0,67%"
"21/06/2020","2.680,0","2.704,0","2.711,0","2.679,0","362,79K","-0,89%"
"20/06/2020","2.704,0","2.705,0","2.719,0","2.693,0","310,15K","-0,04%"
"19/06/2020","2.705,0","2.739,0","2.745,0","2.700,0","447,97K","-1,24%"
"18/06/2020","2.739,0","2.786,0","2.799,0","2.728,0","482,56K","-1,69%"
"17/06/2020","2.786,0","2.741,0","2.820,0","2.740,0","557,79K","1,64%"
"16/06/2020","2.741,0","2.790,0","2.792,0","2.725,0","311,52K","-1,76%"
"15/06/2020","2.790,0","2.789,0","2.800,0","2.650,0","959,34K","0,04%"
"14/06/2020","2.789,0","2.806,0","2.808,0","2.772,0","355,51K","-0,61%"
"13/06/2020","2.806,0","2.793,0","2.885,0","2.782,0","613,06K","0,47%"
"12/06/2020","2.793,0","2.784,0","2.837,0","2.764,0","508,24K","0,72%"
"11/06/2020","2.773,0","2.875,0","2.883,0","2.705,0","1,14M","-3,55%"
"10/06/2020","2.875,0","2.857,0","2.886,0","2.854,0","388,57K","0,63%"
"09/06/2020","2.857,0","2.878,0","2.898,0","2.855,0","374,91K","-0,73%"
"08/06/2020","2.878,0","2.875,0","2.887,0","2.866,0","437,46K","0,10%"
"07/06/2020","2.875,0","2.893,0","2.910,0","2.857,0","716,35K","-0,62%"
"06/06/2020","2.893,0","2.899,0","2.914,0","2.881,0","536,77K","-0,21%"
"05/06/2020","2.899,0","2.925,0","2.929,0","2.875,0","1,04M","-0,89%"
"04/06/2020","2.925,0","2.923,0","2.966,0","2.906,0","646,43K","0,07%"
"03/06/2020","2.923,0","2.935,0","2.950,0","2.905,0","700,35K","-0,41%"
"02/06/2020","2.935,0","3.020,0","3.063,0","2.895,0","1,69M","-2,81%"
"01/06/2020","3.020,0","2.963,0","3.020,0","2.952,0","725,73K","1,92%"
"31/05/2020","2.963,0","3.005,0","3.096,0","2.952,0","791,83K","-1,40%"
"30/05/2020","3.005,0","2.901,0","3.005,0","2.886,0","843,54K","3,58%"
"29/05/2020","2.901,0","2.961,0","2.980,0","2.895,0","512,29K","-2,03%"
"28/05/2020","2.961,0","2.939,0","2.967,0","2.925,0","514,11K","0,75%"
"27/05/2020","2.939,0","2.907,0","2.981,0","2.907,0","616,27K","1,10%"
"26/05/2020","2.907,0","2.947,0","2.961,0","2.893,0","437,40K","-1,36%"
"25/05/2020","2.947,0","2.944,0","2.960,0","2.907,0","499,54K","0,10%"
"24/05/2020","2.944,0","2.991,0","3.008,0","2.944,0","630,18K","-1,57%"
"23/05/2020","2.991,0","3.013,0","3.027,0","2.982,0","362,59K","-0,73%"
"22/05/2020","3.013,0","2.916,0","3.036,0","2.896,0","600,70K","3,33%"
"21/05/2020","2.916,0","2.999,0","2.999,0","2.822,0","487,86K","-2,77%"
"20/05/2020","2.999,0","3.007,0","3.015,0","2.944,0","376,25K","-0,27%"
"19/05/2020","3.007,0","3.010,0","3.014,0","2.975,0","219,59K","-0,10%"
"18/05/2020","3.010,0","2.971,0","3.033,0","2.971,0","689,88K","1,31%"
"17/05/2020","2.971,0","2.977,0","3.015,0","2.963,0","467,82K","-0,20%"
"16/05/2020","2.977,0","2.957,0","2.996,0","2.942,0","306,98K","0,68%"
"15/05/2020","2.957,0","3.013,0","3.020,0","2.930,0","322,66K","-1,86%"
"14/05/2020","3.013,0","3.009,0","3.051,0","2.974,0","578,37K","0,13%"
"13/05/2020","3.009,0","2.993,0","3.020,0","2.950,0","498,57K","0,53%"
"12/05/2020","2.993,0","2.923,0","3.000,0","2.913,0","299,37K","2,39%"
"11/05/2020","2.923,0","2.986,0","3.033,0","2.836,0","730,23K","-2,11%"
"10/05/2020","2.986,0","3.250,0","3.250,0","2.890,0","1,23M","-8,12%"
"09/05/2020","3.250,0","3.270,0","3.345,0","3.250,0","696,11K","-0,61%"
"08/05/2020","3.270,0","3.258,0","3.318,0","3.210,0","663,40K","0,37%"
"07/05/2020","3.258,0","3.250,0","3.290,0","3.213,0","721,40K","0,25%"
"06/05/2020","3.250,0","3.279,0","3.336,0","3.250,0","502,98K","-0,88%"
"05/05/2020","3.279,0","3.263,0","3.332,0","3.239,0","526,14K","0,49%"
"04/05/2020","3.263,0","3.265,0","3.310,0","3.140,0","683,48K","-0,06%"
"03/05/2020","3.265,0","3.302,0","3.330,0","3.224,0","523,41K","-1,12%"
"02/05/2020","3.302,0","3.233,0","3.339,0","3.201,0","425,01K","2,13%"
"01/05/2020","3.233,0","3.163,0","3.334,0","3.127,0","462,80K","2,21%"
"30/04/2020","3.163,0","3.420,0","3.520,0","3.153,0","1,47M","-7,51%"
"29/04/2020","3.420,0","3.291,0","3.444,0","3.259,0","1,37M","3,92%"
"28/04/2020","3.291,0","3.026,0","3.310,0","3.008,0","1,50M","8,76%"
"27/04/2020","3.026,0","2.993,0","3.029,0","2.990,0","432,33K","0,73%"
"26/04/2020","3.004,0","2.984,0","3.007,0","2.975,0","437,21K","0,67%"
"25/04/2020","2.984,0","2.970,0","3.005,0","2.966,0","351,57K","0,47%"
"24/04/2020","2.970,0","2.961,0","3.030,0","2.959,0","492,95K","0,30%"
"23/04/2020","2.961,0","2.937,0","3.040,0","2.896,0","1,60M","0,82%"
"22/04/2020","2.937,0","2.891,0","2.967,0","2.891,0","321,50K","1,59%"
"21/04/2020","2.891,0","2.910,0","2.943,0","2.871,0","270,35K","-0,65%"
"20/04/2020","2.910,0","2.935,0","3.008,0","2.837,0","782,96K","-0,85%"
"19/04/2020","2.935,0","3.040,0","3.040,0","2.934,0","347,99K","-3,45%"
"18/04/2020","3.040,0","2.968,0","3.057,0","2.960,0","449,84K","2,43%"
"17/04/2020","2.968,0","3.000,0","3.016,0","2.926,0","454,26K","-1,07%"
"16/04/2020","3.000,0","2.865,0","3.038,0","2.801,0","752,41K","4,71%"
"15/04/2020","2.865,0","2.983,0","3.016,0","2.865,0","351,21K","-3,96%"
"14/04/2020","2.983,0","3.067,0","3.075,0","2.960,0","341,91K","-2,74%"
"13/04/2020","3.067,0","3.073,0","3.075,0","2.955,0","481,61K","-0,20%"
"12/04/2020","3.073,0","3.057,0","3.200,0","3.045,0","492,84K","0,52%"
"11/04/2020","3.057,0","3.025,0","3.120,0","3.023,0","273,43K","1,06%"
"10/04/2020","3.025,0","3.200,0","3.205,0","2.956,0","883,16K","-5,47%"
"09/04/2020","3.200,0","3.262,0","3.262,0","3.175,0","390,63K","-1,90%"
"08/04/2020","3.262,0","3.148,0","3.270,0","3.112,0","350,16K","3,62%"
"07/04/2020","3.148,0","3.197,0","3.283,0","3.108,0","741,41K","-1,53%"
"06/04/2020","3.197,0","2.950,0","3.198,0","2.950,0","755,51K","8,37%"
"05/04/2020","2.950,0","2.964,0","2.981,0","2.940,0","275,99K","-0,47%"
"04/04/2020","2.964,0","2.966,0","2.982,0","2.940,0","436,65K","0,00%"
"03/04/2020","2.964,0","2.932,0","2.995,0","2.922,0","462,82K","1,09%"
"02/04/2020","2.932,0","2.910,0","3.016,0","2.890,0","988,35K","0,76%"
"01/04/2020","2.910,0","2.875,0","2.929,0","2.819,0","679,71K","1,22%"
"31/03/2020","2.875,0","2.841,0","2.931,0","2.827,0","455,02K","1,20%"
"30/03/2020","2.841,0","2.734,0","2.900,0","2.717,0","701,99K","3,91%"
"29/03/2020","2.734,0","2.900,0","2.916,0","2.705,0","592,19K","-5,72%"
"28/03/2020","2.900,0","2.850,0","2.950,0","2.750,0","614,09K","1,75%"
"27/03/2020","2.850,0","2.900,0","3.050,0","2.793,0","1,20M","-1,76%"
"26/03/2020","2.901,0","2.681,0","2.912,0","2.640,0","924,32K","8,21%"
"25/03/2020","2.681,0","2.669,0","2.713,0","2.616,0","1,22M","0,45%"
"24/03/2020","2.669,0","2.640,0","2.700,0","2.585,0","1,06M","0,87%"
"23/03/2020","2.646,0","2.450,0","2.680,0","2.442,0","872,06K","8,00%"
"22/03/2020","2.450,0","2.585,0","2.630,0","2.450,0","613,54K","-4,78%"
"21/03/2020","2.573,0","2.570,0","2.645,0","2.492,0","559,96K","0,12%"
"20/03/2020","2.570,0","2.687,0","2.851,0","2.456,0","1,07M","-4,35%"
"19/03/2020","2.687,0","2.283,0","2.764,0","2.281,0","1,17M","17,70%"
"18/03/2020","2.283,0","2.287,0","2.325,0","2.235,0","391,31K","-0,17%"
"17/03/2020","2.287,0","2.150,0","2.335,0","2.143,0","565,49K","6,37%"
"16/03/2020","2.150,0","2.344,0","2.344,0","2.031,0","839,37K","-8,28%"
"15/03/2020","2.344,0","2.259,0","2.440,0","2.230,0","551,74K","3,76%"
"14/03/2020","2.259,0","2.375,0","2.435,0","2.230,0","492,72K","-4,88%"
"13/03/2020","2.375,0","2.156,0","2.525,0","1.800,0","2,18M","10,47%"
"12/03/2020","2.150,0","3.045,0","3.049,0","2.102,0","2,01M","-29,39%"
"11/03/2020","3.045,0","3.079,0","3.105,0","2.933,0","405,57K","-1,10%"
"10/03/2020","3.079,0","3.056,0","3.150,0","3.010,0","373,02K","0,75%"
"09/03/2020","3.056,0","2.980,0","3.104,0","2.901,0","691,62K","2,55%"
"08/03/2020","2.980,0","3.380,0","3.380,0","2.966,0","918,00K","-11,83%"
"07/03/2020","3.380,0","3.465,0","3.492,0","3.367,0","302,31K","-2,45%"
"06/03/2020","3.465,0","3.396,0","3.499,0","3.396,0","309,62K","2,03%"
"05/03/2020","3.396,0","3.333,0","3.457,0","3.333,0","630,40K","1,89%"
"04/03/2020","3.333,0","3.344,0","3.374,0","3.294,0","343,60K","-0,33%"
"03/03/2020","3.344,0","3.430,0","3.433,0","3.275,0","402,43K","-2,51%"
"02/03/2020","3.430,0","3.278,0","3.454,0","3.237,0","387,86K","4,64%"
"01/03/2020","3.278,0","3.304,0","3.381,0","3.224,0","364,25K","-0,79%"
"29/02/2020","3.304,0","3.399,0","3.460,0","3.304,0","497,33K","-2,79%"
"28/02/2020","3.399,0","3.354,0","3.477,0","3.324,0","716,49K","1,34%"
"27/02/2020","3.354,0","3.233,0","3.500,0","3.192,0","690,32K","3,74%"
"26/02/2020","3.233,0","3.552,0","3.594,0","3.183,0","1,45M","-8,98%"
"25/02/2020","3.552,0","3.775,0","3.782,0","3.550,0","359,26K","-5,91%"
"24/02/2020","3.775,0","3.890,0","3.895,0","3.710,0","346,04K","-2,96%"
"23/02/2020","3.890,0","3.803,0","3.939,0","3.803,0","363,93K","2,29%"
"22/02/2020","3.803,0","3.802,0","3.836,0","3.771,0","194,62K","0,03%"
"21/02/2020","3.802,0","3.753,0","3.874,0","3.748,0","590,21K","1,31%"
"20/02/2020","3.753,0","3.856,0","3.925,0","3.701,0","692,60K","-2,67%"
"19/02/2020","3.856,0","4.098,0","4.190,0","3.850,0","902,63K","-5,91%"
"18/02/2020","4.098,0","3.982,0","4.178,0","3.823,0","760,87K","2,91%"
"17/02/2020","3.982,0","4.081,0","4.088,0","3.751,0","1,09M","-2,43%"
"16/02/2020","4.081,0","4.280,0","4.428,0","3.810,0","1,03M","-4,65%"
"15/02/2020","4.280,0","4.587,0","4.710,0","4.200,0","1,09M","-6,69%"
"14/02/2020","4.587,0","4.474,0","4.619,0","4.280,0","981,29K","2,53%"
"13/02/2020","4.474,0","4.124,0","4.600,0","4.111,0","2,83M","8,49%"
"12/02/2020","4.124,0","3.824,0","4.150,0","3.824,0","1,69M","7,85%"
"11/02/2020","3.824,0","3.760,0","3.836,0","3.687,0","881,33K","1,70%"
"10/02/2020","3.760,0","3.856,0","3.856,0","3.709,0","632,38K","-2,49%"
"09/02/2020","3.856,0","3.796,0","3.937,0","3.795,0","865,87K","1,58%"
"08/02/2020","3.796,0","3.810,0","3.820,0","3.625,0","870,54K","-0,37%"
"07/02/2020","3.810,0","3.825,0","3.868,0","3.789,0","562,05K","-0,39%"
"06/02/2020","3.825,0","3.757,0","3.871,0","3.685,0","1,05M","1,81%"
"05/02/2020","3.757,0","3.670,0","3.841,0","3.660,0","1,65M","2,79%"
"04/02/2020","3.655,0","3.500,0","3.719,0","3.429,0","1,38M","4,94%"
"03/02/2020","3.483,0","3.415,0","3.500,0","3.391,0","495,83K","1,99%"
"02/02/2020","3.415,0","3.298,0","3.543,0","3.250,0","1,49M","3,55%"
"01/02/2020","3.298,0","3.258,0","3.320,0","3.233,0","544,77K","1,23%"
"31/01/2020","3.258,0","3.276,0","3.305,0","3.190,0","620,85K","-0,70%"
"30/01/2020","3.281,0","3.132,0","3.301,0","3.090,0","796,90K","4,76%"
"29/01/2020","3.132,0","3.199,0","3.239,0","3.132,0","611,00K","-1,63%"
"28/01/2020","3.184,0","3.110,0","3.264,0","3.110,0","769,08K","2,38%"
"27/01/2020","3.110,0","3.165,0","3.182,0","3.107,0","571,76K","-1,74%"
"26/01/2020","3.165,0","3.015,0","3.175,0","2.999,0","352,45K","4,91%"
"25/01/2020","3.017,0","3.052,0","3.060,0","2.979,0","208,68K","-1,24%"
"24/01/2020","3.055,0","3.076,0","3.111,0","2.939,0","474,54K","-0,68%"
"23/01/2020","3.076,0","3.226,0","3.230,0","3.050,0","446,66K","-4,65%"
"22/01/2020","3.226,0","3.238,0","3.247,0","3.200,0","256,49K","-0,37%"
"21/01/2020","3.238,0","3.196,0","3.298,0","3.178,0","385,00K","1,31%"
"20/01/2020","3.196,0","3.216,0","3.239,0","3.095,0","577,72K","-0,59%"